{
	"partitions" : [
		{
			"name" : "Top",
			"pins" : [
				{
					"name" : "Instruction_out[0]",
					"strict" : false
				},
				{
					"name" : "Instruction_out[1]",
					"strict" : false
				},
				{
					"name" : "Instruction_out[2]",
					"strict" : false
				},
				{
					"name" : "Instruction_out[3]",
					"strict" : false
				},
				{
					"name" : "Instruction_out[4]",
					"strict" : false
				},
				{
					"name" : "Instruction_out[5]",
					"strict" : false
				},
				{
					"name" : "Instruction_out[6]",
					"strict" : false
				},
				{
					"name" : "Instruction_out[7]",
					"strict" : false
				},
				{
					"name" : "Instruction_out[8]",
					"strict" : false
				},
				{
					"name" : "Instruction_out[9]",
					"strict" : false
				},
				{
					"name" : "Instruction_out[10]",
					"strict" : false
				},
				{
					"name" : "Instruction_out[11]",
					"strict" : false
				},
				{
					"name" : "Instruction_out[12]",
					"strict" : false
				},
				{
					"name" : "Instruction_out[13]",
					"strict" : false
				},
				{
					"name" : "Instruction_out[14]",
					"strict" : false
				},
				{
					"name" : "Instruction_out[15]",
					"strict" : false
				},
				{
					"name" : "Instruction_out[16]",
					"strict" : false
				},
				{
					"name" : "Instruction_out[17]",
					"strict" : false
				},
				{
					"name" : "Instruction_out[18]",
					"strict" : false
				},
				{
					"name" : "Instruction_out[19]",
					"strict" : false
				},
				{
					"name" : "Instruction_out[20]",
					"strict" : false
				},
				{
					"name" : "Instruction_out[21]",
					"strict" : false
				},
				{
					"name" : "Instruction_out[22]",
					"strict" : false
				},
				{
					"name" : "Instruction_out[23]",
					"strict" : false
				},
				{
					"name" : "Instruction_out[24]",
					"strict" : false
				},
				{
					"name" : "Instruction_out[25]",
					"strict" : false
				},
				{
					"name" : "Instruction_out[26]",
					"strict" : false
				},
				{
					"name" : "Instruction_out[27]",
					"strict" : false
				},
				{
					"name" : "Instruction_out[28]",
					"strict" : false
				},
				{
					"name" : "Instruction_out[29]",
					"strict" : false
				},
				{
					"name" : "Instruction_out[30]",
					"strict" : false
				},
				{
					"name" : "Instruction_out[31]",
					"strict" : false
				},
				{
					"name" : "Read_data_1[0]",
					"strict" : false
				},
				{
					"name" : "Read_data_1[1]",
					"strict" : false
				},
				{
					"name" : "Read_data_1[2]",
					"strict" : false
				},
				{
					"name" : "Read_data_1[3]",
					"strict" : false
				},
				{
					"name" : "Read_data_1[4]",
					"strict" : false
				},
				{
					"name" : "Read_data_1[5]",
					"strict" : false
				},
				{
					"name" : "Read_data_1[6]",
					"strict" : false
				},
				{
					"name" : "Read_data_1[7]",
					"strict" : false
				},
				{
					"name" : "Read_data_1[8]",
					"strict" : false
				},
				{
					"name" : "Read_data_1[9]",
					"strict" : false
				},
				{
					"name" : "Read_data_1[10]",
					"strict" : false
				},
				{
					"name" : "Read_data_1[11]",
					"strict" : false
				},
				{
					"name" : "Read_data_1[12]",
					"strict" : false
				},
				{
					"name" : "Read_data_1[13]",
					"strict" : false
				},
				{
					"name" : "Read_data_1[14]",
					"strict" : false
				},
				{
					"name" : "Read_data_1[15]",
					"strict" : false
				},
				{
					"name" : "Read_data_1[16]",
					"strict" : false
				},
				{
					"name" : "Read_data_1[17]",
					"strict" : false
				},
				{
					"name" : "Read_data_1[18]",
					"strict" : false
				},
				{
					"name" : "Read_data_1[19]",
					"strict" : false
				},
				{
					"name" : "Read_data_1[20]",
					"strict" : false
				},
				{
					"name" : "Read_data_1[21]",
					"strict" : false
				},
				{
					"name" : "Read_data_1[22]",
					"strict" : false
				},
				{
					"name" : "Read_data_1[23]",
					"strict" : false
				},
				{
					"name" : "Read_data_1[24]",
					"strict" : false
				},
				{
					"name" : "Read_data_1[25]",
					"strict" : false
				},
				{
					"name" : "Read_data_1[26]",
					"strict" : false
				},
				{
					"name" : "Read_data_1[27]",
					"strict" : false
				},
				{
					"name" : "Read_data_1[28]",
					"strict" : false
				},
				{
					"name" : "Read_data_1[29]",
					"strict" : false
				},
				{
					"name" : "Read_data_1[30]",
					"strict" : false
				},
				{
					"name" : "Read_data_1[31]",
					"strict" : false
				},
				{
					"name" : "Read_data_2[0]",
					"strict" : false
				},
				{
					"name" : "Read_data_2[1]",
					"strict" : false
				},
				{
					"name" : "Read_data_2[2]",
					"strict" : false
				},
				{
					"name" : "Read_data_2[3]",
					"strict" : false
				},
				{
					"name" : "Read_data_2[4]",
					"strict" : false
				},
				{
					"name" : "Read_data_2[5]",
					"strict" : false
				},
				{
					"name" : "Read_data_2[6]",
					"strict" : false
				},
				{
					"name" : "Read_data_2[7]",
					"strict" : false
				},
				{
					"name" : "Read_data_2[8]",
					"strict" : false
				},
				{
					"name" : "Read_data_2[9]",
					"strict" : false
				},
				{
					"name" : "Read_data_2[10]",
					"strict" : false
				},
				{
					"name" : "Read_data_2[11]",
					"strict" : false
				},
				{
					"name" : "Read_data_2[12]",
					"strict" : false
				},
				{
					"name" : "Read_data_2[13]",
					"strict" : false
				},
				{
					"name" : "Read_data_2[14]",
					"strict" : false
				},
				{
					"name" : "Read_data_2[15]",
					"strict" : false
				},
				{
					"name" : "Read_data_2[16]",
					"strict" : false
				},
				{
					"name" : "Read_data_2[17]",
					"strict" : false
				},
				{
					"name" : "Read_data_2[18]",
					"strict" : false
				},
				{
					"name" : "Read_data_2[19]",
					"strict" : false
				},
				{
					"name" : "Read_data_2[20]",
					"strict" : false
				},
				{
					"name" : "Read_data_2[21]",
					"strict" : false
				},
				{
					"name" : "Read_data_2[22]",
					"strict" : false
				},
				{
					"name" : "Read_data_2[23]",
					"strict" : false
				},
				{
					"name" : "Read_data_2[24]",
					"strict" : false
				},
				{
					"name" : "Read_data_2[25]",
					"strict" : false
				},
				{
					"name" : "Read_data_2[26]",
					"strict" : false
				},
				{
					"name" : "Read_data_2[27]",
					"strict" : false
				},
				{
					"name" : "Read_data_2[28]",
					"strict" : false
				},
				{
					"name" : "Read_data_2[29]",
					"strict" : false
				},
				{
					"name" : "Read_data_2[30]",
					"strict" : false
				},
				{
					"name" : "Read_data_2[31]",
					"strict" : false
				},
				{
					"name" : "Sign_extend[0]",
					"strict" : false
				},
				{
					"name" : "Sign_extend[1]",
					"strict" : false
				},
				{
					"name" : "Sign_extend[2]",
					"strict" : false
				},
				{
					"name" : "Sign_extend[3]",
					"strict" : false
				},
				{
					"name" : "Sign_extend[4]",
					"strict" : false
				},
				{
					"name" : "Sign_extend[5]",
					"strict" : false
				},
				{
					"name" : "Sign_extend[6]",
					"strict" : false
				},
				{
					"name" : "Sign_extend[7]",
					"strict" : false
				},
				{
					"name" : "Sign_extend[8]",
					"strict" : false
				},
				{
					"name" : "Sign_extend[9]",
					"strict" : false
				},
				{
					"name" : "Sign_extend[10]",
					"strict" : false
				},
				{
					"name" : "Sign_extend[11]",
					"strict" : false
				},
				{
					"name" : "Sign_extend[12]",
					"strict" : false
				},
				{
					"name" : "Sign_extend[13]",
					"strict" : false
				},
				{
					"name" : "Sign_extend[14]",
					"strict" : false
				},
				{
					"name" : "Sign_extend[15]",
					"strict" : false
				},
				{
					"name" : "Sign_extend[16]",
					"strict" : false
				},
				{
					"name" : "Sign_extend[17]",
					"strict" : false
				},
				{
					"name" : "Sign_extend[18]",
					"strict" : false
				},
				{
					"name" : "Sign_extend[19]",
					"strict" : false
				},
				{
					"name" : "Sign_extend[20]",
					"strict" : false
				},
				{
					"name" : "Sign_extend[21]",
					"strict" : false
				},
				{
					"name" : "Sign_extend[22]",
					"strict" : false
				},
				{
					"name" : "Sign_extend[23]",
					"strict" : false
				},
				{
					"name" : "Sign_extend[24]",
					"strict" : false
				},
				{
					"name" : "Sign_extend[25]",
					"strict" : false
				},
				{
					"name" : "Sign_extend[26]",
					"strict" : false
				},
				{
					"name" : "Sign_extend[27]",
					"strict" : false
				},
				{
					"name" : "Sign_extend[28]",
					"strict" : false
				},
				{
					"name" : "Sign_extend[29]",
					"strict" : false
				},
				{
					"name" : "Sign_extend[30]",
					"strict" : false
				},
				{
					"name" : "Sign_extend[31]",
					"strict" : false
				},
				{
					"name" : "Branch_address[2]",
					"strict" : false
				},
				{
					"name" : "Branch_address[3]",
					"strict" : false
				},
				{
					"name" : "Branch_address[4]",
					"strict" : false
				},
				{
					"name" : "Branch_address[5]",
					"strict" : false
				},
				{
					"name" : "Branch_address[6]",
					"strict" : false
				},
				{
					"name" : "Branch_address[7]",
					"strict" : false
				},
				{
					"name" : "Branch_address[8]",
					"strict" : false
				},
				{
					"name" : "Branch_address[9]",
					"strict" : false
				},
				{
					"name" : "Branch_address[10]",
					"strict" : false
				},
				{
					"name" : "Branch_address[11]",
					"strict" : false
				},
				{
					"name" : "Branch_address[12]",
					"strict" : false
				},
				{
					"name" : "Branch_address[13]",
					"strict" : false
				},
				{
					"name" : "Branch_address[14]",
					"strict" : false
				},
				{
					"name" : "Branch_address[15]",
					"strict" : false
				},
				{
					"name" : "Branch_address[16]",
					"strict" : false
				},
				{
					"name" : "Branch_address[17]",
					"strict" : false
				},
				{
					"name" : "Branch_address[18]",
					"strict" : false
				},
				{
					"name" : "Branch_address[19]",
					"strict" : false
				},
				{
					"name" : "Branch_address[20]",
					"strict" : false
				},
				{
					"name" : "Branch_address[21]",
					"strict" : false
				},
				{
					"name" : "Branch_address[22]",
					"strict" : false
				},
				{
					"name" : "Branch_address[23]",
					"strict" : false
				},
				{
					"name" : "Branch_address[24]",
					"strict" : false
				},
				{
					"name" : "Branch_address[25]",
					"strict" : false
				},
				{
					"name" : "Branch_address[26]",
					"strict" : false
				},
				{
					"name" : "Branch_address[27]",
					"strict" : false
				},
				{
					"name" : "Branch_address[28]",
					"strict" : false
				},
				{
					"name" : "Branch_address[29]",
					"strict" : false
				},
				{
					"name" : "Branch_address[30]",
					"strict" : false
				},
				{
					"name" : "Branch_address[31]",
					"strict" : false
				},
				{
					"name" : "ALU_output[0]",
					"strict" : false
				},
				{
					"name" : "ALU_output[1]",
					"strict" : false
				},
				{
					"name" : "ALU_output[2]",
					"strict" : false
				},
				{
					"name" : "ALU_output[3]",
					"strict" : false
				},
				{
					"name" : "ALU_output[4]",
					"strict" : false
				},
				{
					"name" : "ALU_output[5]",
					"strict" : false
				},
				{
					"name" : "ALU_output[6]",
					"strict" : false
				},
				{
					"name" : "ALU_output[7]",
					"strict" : false
				},
				{
					"name" : "ALU_output[8]",
					"strict" : false
				},
				{
					"name" : "ALU_output[9]",
					"strict" : false
				},
				{
					"name" : "ALU_output[10]",
					"strict" : false
				},
				{
					"name" : "ALU_output[11]",
					"strict" : false
				},
				{
					"name" : "ALU_output[12]",
					"strict" : false
				},
				{
					"name" : "ALU_output[13]",
					"strict" : false
				},
				{
					"name" : "ALU_output[14]",
					"strict" : false
				},
				{
					"name" : "ALU_output[15]",
					"strict" : false
				},
				{
					"name" : "ALU_output[16]",
					"strict" : false
				},
				{
					"name" : "ALU_output[17]",
					"strict" : false
				},
				{
					"name" : "ALU_output[18]",
					"strict" : false
				},
				{
					"name" : "ALU_output[19]",
					"strict" : false
				},
				{
					"name" : "ALU_output[20]",
					"strict" : false
				},
				{
					"name" : "ALU_output[21]",
					"strict" : false
				},
				{
					"name" : "ALU_output[22]",
					"strict" : false
				},
				{
					"name" : "ALU_output[23]",
					"strict" : false
				},
				{
					"name" : "ALU_output[24]",
					"strict" : false
				},
				{
					"name" : "ALU_output[25]",
					"strict" : false
				},
				{
					"name" : "ALU_output[26]",
					"strict" : false
				},
				{
					"name" : "ALU_output[27]",
					"strict" : false
				},
				{
					"name" : "ALU_output[28]",
					"strict" : false
				},
				{
					"name" : "ALU_output[29]",
					"strict" : false
				},
				{
					"name" : "ALU_output[30]",
					"strict" : false
				},
				{
					"name" : "ALU_output[31]",
					"strict" : false
				},
				{
					"name" : "Data_memory_out[0]",
					"strict" : false
				},
				{
					"name" : "Data_memory_out[1]",
					"strict" : false
				},
				{
					"name" : "Data_memory_out[2]",
					"strict" : false
				},
				{
					"name" : "Data_memory_out[3]",
					"strict" : false
				},
				{
					"name" : "Data_memory_out[4]",
					"strict" : false
				},
				{
					"name" : "Data_memory_out[5]",
					"strict" : false
				},
				{
					"name" : "Data_memory_out[6]",
					"strict" : false
				},
				{
					"name" : "Data_memory_out[7]",
					"strict" : false
				},
				{
					"name" : "Data_memory_out[8]",
					"strict" : false
				},
				{
					"name" : "Data_memory_out[9]",
					"strict" : false
				},
				{
					"name" : "Data_memory_out[10]",
					"strict" : false
				},
				{
					"name" : "Data_memory_out[11]",
					"strict" : false
				},
				{
					"name" : "Data_memory_out[12]",
					"strict" : false
				},
				{
					"name" : "Data_memory_out[13]",
					"strict" : false
				},
				{
					"name" : "Data_memory_out[14]",
					"strict" : false
				},
				{
					"name" : "Data_memory_out[15]",
					"strict" : false
				},
				{
					"name" : "Data_memory_out[16]",
					"strict" : false
				},
				{
					"name" : "Data_memory_out[17]",
					"strict" : false
				},
				{
					"name" : "Data_memory_out[18]",
					"strict" : false
				},
				{
					"name" : "Data_memory_out[19]",
					"strict" : false
				},
				{
					"name" : "Data_memory_out[20]",
					"strict" : false
				},
				{
					"name" : "Data_memory_out[21]",
					"strict" : false
				},
				{
					"name" : "Data_memory_out[22]",
					"strict" : false
				},
				{
					"name" : "Data_memory_out[23]",
					"strict" : false
				},
				{
					"name" : "Data_memory_out[24]",
					"strict" : false
				},
				{
					"name" : "Data_memory_out[25]",
					"strict" : false
				},
				{
					"name" : "Data_memory_out[26]",
					"strict" : false
				},
				{
					"name" : "Data_memory_out[27]",
					"strict" : false
				},
				{
					"name" : "Data_memory_out[28]",
					"strict" : false
				},
				{
					"name" : "Data_memory_out[29]",
					"strict" : false
				},
				{
					"name" : "Data_memory_out[30]",
					"strict" : false
				},
				{
					"name" : "Data_memory_out[31]",
					"strict" : false
				},
				{
					"name" : "Write_back_data[0]",
					"strict" : false
				},
				{
					"name" : "Write_back_data[1]",
					"strict" : false
				},
				{
					"name" : "Write_back_data[2]",
					"strict" : false
				},
				{
					"name" : "Write_back_data[3]",
					"strict" : false
				},
				{
					"name" : "Write_back_data[4]",
					"strict" : false
				},
				{
					"name" : "Write_back_data[5]",
					"strict" : false
				},
				{
					"name" : "Write_back_data[6]",
					"strict" : false
				},
				{
					"name" : "Write_back_data[7]",
					"strict" : false
				},
				{
					"name" : "Write_back_data[8]",
					"strict" : false
				},
				{
					"name" : "Write_back_data[9]",
					"strict" : false
				},
				{
					"name" : "Write_back_data[10]",
					"strict" : false
				},
				{
					"name" : "Write_back_data[11]",
					"strict" : false
				},
				{
					"name" : "Write_back_data[12]",
					"strict" : false
				},
				{
					"name" : "Write_back_data[13]",
					"strict" : false
				},
				{
					"name" : "Write_back_data[14]",
					"strict" : false
				},
				{
					"name" : "Write_back_data[15]",
					"strict" : false
				},
				{
					"name" : "Write_back_data[16]",
					"strict" : false
				},
				{
					"name" : "Write_back_data[17]",
					"strict" : false
				},
				{
					"name" : "Write_back_data[18]",
					"strict" : false
				},
				{
					"name" : "Write_back_data[19]",
					"strict" : false
				},
				{
					"name" : "Write_back_data[20]",
					"strict" : false
				},
				{
					"name" : "Write_back_data[21]",
					"strict" : false
				},
				{
					"name" : "Write_back_data[22]",
					"strict" : false
				},
				{
					"name" : "Write_back_data[23]",
					"strict" : false
				},
				{
					"name" : "Write_back_data[24]",
					"strict" : false
				},
				{
					"name" : "Write_back_data[25]",
					"strict" : false
				},
				{
					"name" : "Write_back_data[26]",
					"strict" : false
				},
				{
					"name" : "Write_back_data[27]",
					"strict" : false
				},
				{
					"name" : "Write_back_data[28]",
					"strict" : false
				},
				{
					"name" : "Write_back_data[29]",
					"strict" : false
				},
				{
					"name" : "Write_back_data[30]",
					"strict" : false
				},
				{
					"name" : "Write_back_data[31]",
					"strict" : false
				},
				{
					"name" : "Write_back_register[0]",
					"strict" : false
				},
				{
					"name" : "Write_back_register[1]",
					"strict" : false
				},
				{
					"name" : "Write_back_register[2]",
					"strict" : false
				},
				{
					"name" : "Write_back_register[3]",
					"strict" : false
				},
				{
					"name" : "Write_back_register[4]",
					"strict" : false
				},
				{
					"name" : "PC_Select",
					"strict" : false
				},
				{
					"name" : "Instruction_wren",
					"strict" : false
				},
				{
					"name" : "clock",
					"strict" : false
				},
				{
					"name" : "Instruction_input[0]",
					"strict" : false
				},
				{
					"name" : "Instruction_input[1]",
					"strict" : false
				},
				{
					"name" : "Instruction_input[2]",
					"strict" : false
				},
				{
					"name" : "Instruction_input[3]",
					"strict" : false
				},
				{
					"name" : "Instruction_input[4]",
					"strict" : false
				},
				{
					"name" : "Instruction_input[5]",
					"strict" : false
				},
				{
					"name" : "Instruction_input[6]",
					"strict" : false
				},
				{
					"name" : "Instruction_input[7]",
					"strict" : false
				},
				{
					"name" : "Instruction_input[8]",
					"strict" : false
				},
				{
					"name" : "Instruction_input[9]",
					"strict" : false
				},
				{
					"name" : "Instruction_input[10]",
					"strict" : false
				},
				{
					"name" : "Instruction_input[11]",
					"strict" : false
				},
				{
					"name" : "Instruction_input[12]",
					"strict" : false
				},
				{
					"name" : "Instruction_input[13]",
					"strict" : false
				},
				{
					"name" : "Instruction_input[14]",
					"strict" : false
				},
				{
					"name" : "Instruction_input[15]",
					"strict" : false
				},
				{
					"name" : "Instruction_input[16]",
					"strict" : false
				},
				{
					"name" : "Instruction_input[17]",
					"strict" : false
				},
				{
					"name" : "Instruction_input[18]",
					"strict" : false
				},
				{
					"name" : "Instruction_input[19]",
					"strict" : false
				},
				{
					"name" : "Instruction_input[20]",
					"strict" : false
				},
				{
					"name" : "Instruction_input[21]",
					"strict" : false
				},
				{
					"name" : "Instruction_input[22]",
					"strict" : false
				},
				{
					"name" : "Instruction_input[23]",
					"strict" : false
				},
				{
					"name" : "Instruction_input[24]",
					"strict" : false
				},
				{
					"name" : "Instruction_input[25]",
					"strict" : false
				},
				{
					"name" : "Instruction_input[26]",
					"strict" : false
				},
				{
					"name" : "Instruction_input[27]",
					"strict" : false
				},
				{
					"name" : "Instruction_input[28]",
					"strict" : false
				},
				{
					"name" : "Instruction_input[29]",
					"strict" : false
				},
				{
					"name" : "Instruction_input[30]",
					"strict" : false
				},
				{
					"name" : "Instruction_input[31]",
					"strict" : false
				},
				{
					"name" : "reset",
					"strict" : false
				}
			]
		}
	]
}